name,type_line,oracle_text,image_uri
Academy at Tolaria West,Plane - Dominaria,"At the beginning of your end step, if you have no cards in hand, draw seven cards.
Whenever chaos ensues, discard your hand.",https://cards.scryfall.io/art_crop/front/e/d/ed4f4210-9871-4cec-9b46-100c80f93cd4.jpg?1783936924
Agyrem,Plane - Ravnica,"Whenever a white creature dies, return it to the battlefield under its owner's control at the beginning of the next end step.
Whenever a nonwhite creature dies, return it to its owner's hand at the beginning of the next end step.
Whenever chaos ensues, creatures can't attack you until a player planeswalks.",https://cards.scryfall.io/art_crop/front/6/c/6caf8b21-1807-442c-a461-c89c7591df70.jpg?1783936925
Akoum,Plane - Zendikar,"Players may cast enchantment spells as though they had flash.
Whenever chaos ensues, destroy target creature that isn't enchanted.",https://cards.scryfall.io/art_crop/front/a/1/a1c7f2eb-0654-46f9-ae3d-11efcac837b8.jpg?1783936922
Amy's Home,Plane - Earth,"When you planeswalk to Amy's Home and at the beginning of your upkeep, you may exile a nonland card from your hand with a number of time counters on it equal to its mana value. If it doesn't have suspend, it gains suspend.
Whenever chaos ensues, time travel. (For each suspended card you own and each permanent you control with a time counter on it, you may add or remove a time counter.)",https://cards.scryfall.io/art_crop/front/a/c/ac0615cc-860a-4fed-9e9c-4377ba8ed22a.jpg?1783914487
Antarctic Research Base,Plane - Earth,"When you planeswalk to Antarctic Research Base and at the beginning of your upkeep, investigate.
Whenever chaos ensues, put X +1/+1 counters on target creature you control, where X is the number of artifacts you control. It becomes a Plant in addition to its other types.",https://cards.scryfall.io/art_crop/front/3/c/3cc61f60-2f9d-4f67-8390-62873b4b8ddb.jpg?1783914487
Aplan Mortarium,Plane - Alfava Metraxis,"Byzantium Radiation - At the beginning of your upkeep, put an exposure counter on Aplan Mortarium. Then you lose life equal to the number of exposure counters on it.
Whenever chaos ensues, create two 2/2 black Alien Angel artifact creature tokens with first strike, vigilance, and ""Whenever an opponent casts a creature spell, this token isn't a creature until end of turn.""",https://cards.scryfall.io/art_crop/front/8/5/855978a6-c81c-4e5e-a34f-41a54fef0c10.jpg?1783914485
Aretopolis,Plane - Kephalai,"When you planeswalk to Aretopolis and at the beginning of your upkeep, put a scroll counter on Aretopolis, then you gain life equal to the number of scroll counters on it.
When Aretopolis has ten or more scroll counters on it, planeswalk.
Whenever chaos ensues, put a scroll counter on Aretopolis, then draw cards equal to the number of scroll counters on it.",https://cards.scryfall.io/art_crop/front/d/6/d6dc655e-d8ef-443a-bb3e-46c7ca1555ba.jpg?1783936929
Astral Arena,Plane - Kolbahan,"No more than one creature can attack each combat.
No more than one creature can block each combat.
Whenever chaos ensues, Astral Arena deals 2 damage to each creature.",https://cards.scryfall.io/art_crop/front/5/6/56c735c0-9346-431b-869f-3accfa193016.jpg?1783936922
Bad Wolf Bay,Plane - Earth,"At the beginning of combat on your turn, exile up to one target creature. Return it to the battlefield under its owner's control at the beginning of the next end step.
When chaos ensues, cards can't enter from exile this turn. Then planeswalk.",https://cards.scryfall.io/art_crop/front/a/0/a068875e-9294-403d-a6db-15092b6c42d3.jpg?1783914485
Bant,Plane - Alara,"All creatures have exalted. (Whenever a creature attacks alone, it gets +1/+1 until end of turn for each instance of exalted among permanents its controller controls.)
Whenever chaos ensues, put a divinity counter on target green, white, or blue creature. That creature has indestructible for as long as it has a divinity counter on it.",https://cards.scryfall.io/art_crop/front/4/3/434a2d09-5776-4168-b863-f3b0a736d19b.jpg?1783936921
Besieged Viking Village,Plane - Earth,"All creatures have ""Boast - {1}: Put a +1/+1 counter on this creature."" (Activate only if that creature attacked this turn and only once each turn.)
Whenever chaos ensues, put an indestructible counter on target creature you control that attacked this turn.",https://cards.scryfall.io/art_crop/front/8/b/8bb62bd5-79e5-4af0-aafd-c1bd53765c67.jpg?1783914485
Bloodhill Bastion,Plane - Equilor,"Whenever a creature enters, it gains double strike and haste until end of turn.
Whenever chaos ensues, exile target nontoken creature you control, then return it to the battlefield under your control.",https://cards.scryfall.io/art_crop/front/9/9/9944763b-07b1-447d-b07c-b585ec00e883.jpg?1783917227
Bowie Base One,Plane - Mars,"At the beginning of your end step, goad target creature controlled by the player to your left. (Until your next turn, that creature attacks each combat if able and attacks a player other than you if able.)
Whenever chaos ensues, target creature gains islandwalk until end of turn. (It can't be blocked as long as defending player controls an Island.)",https://cards.scryfall.io/art_crop/front/2/2/22e3ec5a-4bd5-452f-873a-3801253754dd.jpg?1783914484
Celestine Reef,Plane - Luvion,"Creatures without flying or islandwalk can't attack.
Whenever chaos ensues, until a player planeswalks, you can't lose the game and your opponents can't win the game.",https://cards.scryfall.io/art_crop/front/0/c/0cf339cb-04c0-40e8-a64c-b80229a32cec.jpg?1783936916
City of the Daleks,Plane - Skaro,"Whenever you attack, target opponent loses X life, where X is the number of artifacts you control.
Whenever chaos ensues, for each opponent, you create a 3/3 black Dalek artifact creature token with menace that attacks that opponent this turn if able. Those tokens gain haste. Sacrifice them at the beginning of the next end step.",https://cards.scryfall.io/art_crop/front/4/f/4f82f5b7-b4b9-489a-bbd7-98faaa566515.jpg?1783914470
Cliffside Market,Plane - Mercadia,"When you planeswalk to Cliffside Market and at the beginning of your upkeep, you may exchange life totals with target player.
Whenever chaos ensues, exchange control of two target permanents that share a card type.",https://cards.scryfall.io/art_crop/front/f/f/ff65643b-e8bb-49d6-8887-13a146ee5174.jpg?1783936915
Coal Hill School,Plane - Earth,"Whenever a player casts a historic spell, that player draws a card. (Artifacts, legendaries, and Sagas are historic.)
Whenever chaos ensues, return target historic card from your graveyard to your hand.",https://cards.scryfall.io/art_crop/front/8/2/82e09673-c7f0-4377-abbd-b1ea4922d4b3.jpg?1783914470
Dalek Intensive Care,Plane - The Dalek Asylum,"When you planeswalk to Dalek Intensive Care and at the beginning of your upkeep, exile a non-Dalek creature you control. If you do, create a 3/3 black Dalek artifact creature token with menace. It gains haste until end of turn.
Whenever chaos ensues, target Dalek you control deals damage equal to its power to target creature you don't control.",https://cards.scryfall.io/art_crop/front/1/3/13dd9d2c-f1d3-4dbf-8101-e4fab9f42e40.jpg?1783914470
Edge of Malacol,Plane - Belenon,"If a creature you control would untap during your untap step, put two +1/+1 counters on it instead.
Whenever chaos ensues, untap each creature you control.",https://cards.scryfall.io/art_crop/front/c/a/ca4c429a-ca40-4656-aea5-86eb450e47b7.jpg?1783936915
Eloren Wilds,Plane - Shandalar,"Whenever a player taps a permanent for mana, that player adds one mana of any type that permanent produced.
Whenever chaos ensues, target player can't cast spells until a player planeswalks.",https://cards.scryfall.io/art_crop/front/b/e/bec61f7a-cf02-4150-aff9-9465fa14c779.jpg?1783936913
Enigma Ridges,Plane - Echoir,"When you planeswalk to Enigma Ridges, each player who controls fewer lands than the player who controls the most lands searches their library for a number of basic land cards less than or equal to the difference, reveals them, puts them into their hand, then shuffles.
Whenever chaos ensues, draw a card, then you may put a land card from your hand onto the battlefield.",https://cards.scryfall.io/art_crop/front/a/4/a4400c14-2aed-4018-a3fb-7de2b0456c07.jpg?1783917282
Esper,Plane - Alara,"Artifact spells cost {1} less to cast.
Whenever chaos ensues, creatures you control that are white, blue, and/or black become artifacts in addition to their other types until end of turn. Then each artifact creature you control gains vigilance, menace, and lifelink until end of turn.",https://cards.scryfall.io/art_crop/front/f/f/ffdf27d3-80b4-4aa1-b943-d247e502d32c.jpg?1783917283
Feeding Grounds,Plane - Muraganda,"Red spells cost {1} less to cast.
Green spells cost {1} less to cast.
Whenever chaos ensues, put X +1/+1 counters on target creature, where X is that creature's mana value.",https://cards.scryfall.io/art_crop/front/1/d/1dde33fa-f748-43c9-9ead-9461332e9e67.jpg?1783936913
Fields of Summer,Plane - Moag,"Whenever a player casts a spell, that player may gain 2 life.
Whenever chaos ensues, you may gain 10 life.",https://cards.scryfall.io/art_crop/front/b/5/b52a233b-cc51-4f3e-94d0-a4b75ecb248e.jpg?1783936913
Furnace Layer,Plane - New Phyrexia,"When you planeswalk to Furnace Layer and at the beginning of your upkeep, select target player at random. That player discards a card. If that player discards a land card this way, they lose 3 life.
Whenever chaos ensues, you may destroy target nonland permanent.",https://cards.scryfall.io/art_crop/front/d/8/d89133d1-06e7-4b8f-8f42-e0551fd93a5b.jpg?1783936910
Gardens of Tranquil Repose,Plane - Necros,"Suspended Animation - Whenever a creature dies, exile it. Its controller scries 1.
Whenever chaos ensues, create X 3/3 black Dalek artifact creature tokens with menace, where X is one plus the number of cards exiled with Gardens of Tranquil Repose.",https://cards.scryfall.io/art_crop/front/e/b/eb753c00-303d-49f3-ad98-b7772cc4a274.jpg?1783914468
Gavony,Plane - Innistrad,"All creatures have vigilance.
Whenever chaos ensues, creatures you control gain indestructible until end of turn.",https://cards.scryfall.io/art_crop/front/c/b/cb03f60c-d317-4b4c-9747-380abf5fa7ef.jpg?1783917225
Ghirapur,Plane - Avishkar,"At the beginning of combat on your turn, until end of turn, each noncreature, non-Vehicle artifact you control becomes a 5/3 Vehicle in addition to its other types and gains trample, haste, and crew 2.
Whenever chaos ensues, return target noncreature artifact card from your graveyard to your hand.",https://cards.scryfall.io/art_crop/front/0/c/0c8456bd-d290-43af-b2b9-06823bab65a2.jpg?1783917280
Glen Elendra,Plane - Lorwyn,"At end of combat, you may exchange control of target creature you control that dealt combat damage to a player this combat and target creature that player controls.
Whenever chaos ensues, gain control of target creature you own.",https://cards.scryfall.io/art_crop/front/f/d/fdaaef56-0c95-404a-8de5-e8f21e0282d3.jpg?1783936915
Glimmervoid Basin,Plane - Mirrodin,"Whenever a player casts an instant or sorcery spell with a single target, that player copies that spell for each other spell, permanent, card not on the battlefield, and/or player the spell could target. Each copy targets a different one of them.
Whenever chaos ensues, choose target creature. Each player except that creature's controller creates a token that's a copy of that creature.",https://cards.scryfall.io/art_crop/front/a/0/a075316c-eb94-46a5-98f2-061b1674186f.jpg?1783917226
Goldmeadow,Plane - Lorwyn,"Whenever a land enters, that land's controller creates three 0/1 white Goat creature tokens.
Whenever chaos ensues, create a 0/1 white Goat creature token.",https://cards.scryfall.io/art_crop/front/8/3/830c7c81-335e-4f0b-81b9-209732408093.jpg?1783936906
Grand Ossuary,Plane - Ravnica,"Whenever a creature dies, its controller distributes a number of +1/+1 counters equal to its power among any number of target creatures they control.
Whenever chaos ensues, each player exiles all creatures they control and creates X 1/1 green Saproling creature tokens, where X is the total power of the creatures they exiled this way. Then planeswalk.",https://cards.scryfall.io/art_crop/front/3/d/3dfccef2-4d55-423f-8375-4e349bbf615e.jpg?1783936901
Grixis,Plane - Alara,"Blue, black, and/or red creature cards in your graveyard have unearth. The unearth cost is equal to the card's mana cost. (Pay the card's mana cost: Return it to the battlefield. The creature gains haste. Exile it at the beginning of the next end step or if it would leave the battlefield. Unearth only as a sorcery.)
Whenever chaos ensues, put target creature card from a graveyard onto the battlefield under your control.",https://cards.scryfall.io/art_crop/front/e/c/ecbe3339-2cd1-45e2-bac1-8ea995238c30.jpg?1783936902
Grove of the Dreampods,Plane - Fabacin,"When you planeswalk to Grove of the Dreampods and at the beginning of your upkeep, reveal cards from the top of your library until you reveal a creature card. Put that card onto the battlefield and the rest on the bottom of your library in a random order.
Whenever chaos ensues, return target creature card from your graveyard to the battlefield.",https://cards.scryfall.io/art_crop/front/c/2/c2cd3e28-cc48-416d-83d2-74208d2f4aa9.jpg?1783917225
Hedron Fields of Agadeem,Plane - Zendikar,"Creatures with power 7 or greater can't attack or block.
Whenever chaos ensues, create a 7/7 colorless Eldrazi creature token with annihilator 1. (Whenever it attacks, defending player sacrifices a permanent of their choice.)",https://cards.scryfall.io/art_crop/front/2/5/2588d0a3-0e63-4976-8fcc-cd6bc52b61aa.jpg?1783917225
Horizon Boughs,Plane - Pyrulea,"All permanents untap during each player's untap step.
Whenever chaos ensues, you may search your library for up to three basic land cards, put them onto the battlefield tapped, then shuffle.",https://cards.scryfall.io/art_crop/front/6/1/61471ab4-749a-40e4-b06b-153edec80daa.jpg?1783936899
Hotel of Fears,Plane - Spacecraft,"At the beginning of your upkeep, exile the top card of your library. You lose life equal to its mana value. You may play that card this turn.
Praise Him - Whenever chaos ensues, choose a color. Put X +1/+1 counters on target creature you control, where X is your devotion to that color. Then sacrifice another creature. (Your devotion to a color is the number of mana symbols of that color in the mana costs of permanents you control.)",https://cards.scryfall.io/art_crop/front/8/b/8b164271-6438-4135-b7a9-8573c3921052.jpg?1783914469
Immersturm,Plane - Valla,"Whenever a creature enters, that creature's controller may have it deal damage equal to its power to any target of their choice.
Whenever chaos ensues, exile target creature, then return it to the battlefield under its owner's control.",https://cards.scryfall.io/art_crop/front/d/4/d44a959c-7a04-4342-8827-882349f786fc.jpg?1783936898
Inys Haen,Plane - Cridhe,"When you planeswalk to Inys Haen and at the beginning of your upkeep, mill three cards.
When you planeswalk away from Inys Haen, each player returns all land cards from their graveyard to the battlefield tapped.
Whenever chaos ensues, return target nonland card from your graveyard to your hand.",https://cards.scryfall.io/art_crop/front/6/a/6a9b4ba6-12cb-488c-b9d5-245e094f72c3.jpg?1783917280
Isle of Vesuva,Plane - Dominaria,"Whenever a nontoken creature enters, its controller creates a token that's a copy of that creature.
Whenever chaos ensues, destroy target creature and all other creatures with the same name as that creature.",https://cards.scryfall.io/art_crop/front/5/f/5fa27faa-f72c-4925-8ad5-c984113245bf.jpg?1783917225
Izzet Steam Maze,Plane - Ravnica,"Whenever a player casts an instant or sorcery spell, that player copies it. The player may choose new targets for the copy.
Whenever chaos ensues, instant and sorcery spells you cast this turn cost {3} less to cast.",https://cards.scryfall.io/art_crop/front/d/0/d01d1b4f-5ac5-40b0-b4ad-34ac70aeb488.jpg?1783936902
Jund,Plane - Alara,"Whenever a player casts a creature spell that's black, red, or green, it gains devour 5. (As that creature enters, you may sacrifice any number of creatures. It enters with five times that many +1/+1 counters on it.)
Whenever chaos ensues, create two 1/1 red Goblin creature tokens.",https://cards.scryfall.io/art_crop/front/5/8/585fde63-4cb5-4235-8c95-2a7a511e7c3f.jpg?1783917215
Kerblam! Warehouse,Plane - Kandoka,"Whenever one or more creatures you control deal combat damage to a player, create a Treasure token.
Whenever chaos ensues, until your next turn, noncreature artifacts you control gain ""{T}, Sacrifice this artifact: Flip a coin. If you win the flip, this artifact deals 3 damage to any target.""",https://cards.scryfall.io/art_crop/front/4/c/4c46b6c1-0c84-4bd3-b317-9b8191ad937e.jpg?1783914469
Kessig,Plane - Innistrad,"Prevent all combat damage that would be dealt by non-Werewolf creatures.
Whenever chaos ensues, each creature you control gets +2/+2, gains trample, and becomes a Werewolf in addition to its other types until end of turn.",https://cards.scryfall.io/art_crop/front/5/2/5271d8fd-3657-45a3-8147-00cc1d19425f.jpg?1783936892
Ketria,Plane - Ikoria,"When you planeswalk to Ketria and at the beginning of your upkeep, put your choice of a vigilance, menace, or trample counter on target creature you control.
Whenever chaos ensues, exile cards from the top of your library until you exile a nonland permanent card. Put that card onto the battlefield or into your hand.",https://cards.scryfall.io/art_crop/front/8/d/8d63dc8a-101c-4b12-bf56-06a8a3cea64e.jpg?1783917279
Kharasha Foothills,Plane - Mongseng,"Whenever a creature you control attacks a player, for each other opponent, you may create a token that's a copy of that creature, tapped and attacking that opponent. Exile those tokens at the beginning of the next end step.
Whenever chaos ensues, you may sacrifice any number of creatures. If you do, Kharasha Foothills deals that much damage to target creature.",https://cards.scryfall.io/art_crop/front/f/9/f9724517-9e6b-4cb3-a3f7-ea8706f49fe9.jpg?1783917216
Kilnspire District,Plane - Ravnica,"When you planeswalk to Kilnspire District and at the beginning of your first main phase, put a charge counter on Kilnspire District, then add {R} for each charge counter on it.
Whenever chaos ensues, you may pay {X}. If you do, Kilnspire District deals X damage to any target.",https://cards.scryfall.io/art_crop/front/9/3/93f386a5-08ce-4f76-944f-f38620a41027.jpg?1783936894
Krosa,Plane - Dominaria,"All creatures get +2/+2.
Whenever chaos ensues, you may add {W}{U}{B}{R}{G}.",https://cards.scryfall.io/art_crop/front/8/6/86b5e553-c871-4750-a839-82b7581c5a2d.jpg?1783917215
Lair of the Ashen Idol,Plane - Azgol,"At the beginning of your upkeep, sacrifice a creature. If you can't, planeswalk.
Whenever chaos ensues, any number of target players each create a 2/2 black Zombie creature token.",https://cards.scryfall.io/art_crop/front/b/6/b6078774-f681-46dd-a68e-1cefa8261d16.jpg?1783936889
Lake Silencio,Plane - Earth,"Still Point in Time - All spells have split second. (As long as a spell with split second is on the stack, players can't cast spells or activate abilities that aren't mana abilities.)
Whenever chaos ensues, Lake Silencio deals 6 damage to target creature an opponent controls. If a creature dealt damage this way would die this turn, exile it instead.",https://cards.scryfall.io/art_crop/front/4/5/45091d2b-d872-4beb-af87-7675aaf0c2c8.jpg?1783914467
Lethe Lake,Plane - Arkhos,"At the beginning of your upkeep, mill ten cards.
Whenever chaos ensues, target player mills ten cards.",https://cards.scryfall.io/art_crop/front/7/a/7a049235-2fda-48a7-b46e-d150a4893397.jpg?1783936889
Littjara,Plane - Kaldheim,"When you planeswalk to Littjara and at the beginning of your upkeep, create a 2/2 blue Shapeshifter creature token with changeling. (It is every creature type.)
Whenever chaos ensues, choose a creature type. Put a +1/+1 counter on each creature you control of that type.",https://cards.scryfall.io/art_crop/front/2/a/2a098e3b-00e7-48d5-bc0d-f153e7cc5dfd.jpg?1783917269
Llanowar,Plane - Dominaria,"All creatures have ""{T}: Add {G}{G}.""
Whenever chaos ensues, untap all creatures you control.",https://cards.scryfall.io/art_crop/front/0/0/00832a47-dec8-411e-9708-b3ebbd3a2dfc.jpg?1783936891
Megaflora Jungle,Plane - Gargantikar,"Each creature with mana value 2 or less gets +2/+2.
Whenever chaos ensues, create a 1/1 green Insect creature token with flying named Butterfly.",https://cards.scryfall.io/art_crop/front/5/3/53f91325-e95a-4b68-9491-4249c2e940b4.jpg?1783917267
Minamo,Plane - Kamigawa,"Whenever a player casts a spell, that player may draw a card.
Whenever chaos ensues, each player may return a blue card from their graveyard to their hand.",https://cards.scryfall.io/art_crop/front/9/c/9c155a59-afee-4821-9715-10dafb9f9d9a.jpg?1783936886
Mirrored Depths,Plane - Karsus,"Whenever a player casts a spell, that player flips a coin. If the player loses the flip, counter that spell.
Whenever chaos ensues, target player reveals the top card of their library. If it's a nonland card, you may cast it without paying its mana cost.",https://cards.scryfall.io/art_crop/front/d/7/d7a2b02e-3ff2-4c71-9022-b08472f53664.jpg?1783936889
Mondassian Colony Ship,Plane - Spacecraft,"Whenever a creature attacks, it gets +1/+1 until end of turn for each other creature its controller controls that shares a creature type with it.
Whenever chaos ensues, turn target creature face down. It becomes a 2/2 Cyberman artifact creature.",https://cards.scryfall.io/art_crop/front/b/a/ba6728e1-12f0-40a7-90f9-520f3572b190.jpg?1783914452
Mount Keralia,Plane - Regatha,"At the beginning of your end step, put a pressure counter on Mount Keralia.
When you planeswalk away from Mount Keralia, it deals damage equal to the number of pressure counters on it to each creature and each planeswalker.
Whenever chaos ensues, prevent all damage that planes named Mount Keralia would deal this game to permanents you control.",https://cards.scryfall.io/art_crop/front/a/4/a4d3edeb-4a78-4de3-a167-4565c494ba23.jpg?1783936885
Murasa,Plane - Zendikar,"Whenever a nontoken creature enters, its controller may search their library for a basic land card, put it onto the battlefield tapped, then shuffle.
Whenever chaos ensues, target land becomes a 4/4 creature that's still a land.",https://cards.scryfall.io/art_crop/front/4/6/46daa243-7c4e-4b0c-8ec2-e70cba8e72c3.jpg?1783936885
Naar Isle,Plane - Wildfire,"At the beginning of your upkeep, put a flame counter on Naar Isle, then Naar Isle deals damage to you equal to the number of flame counters on it.
Whenever chaos ensues, Naar Isle deals 3 damage to target player or planeswalker.",https://cards.scryfall.io/art_crop/front/f/6/f63b82f9-ebc4-465c-b25e-5ee710525143.jpg?1783936883
Naktamun,Plane - Amonkhet,"Each creature card in your graveyard has embalm. Its embalm cost is equal to its mana cost. (Exile a creature card from your graveyard and pay its embalm cost: Create a token that's a copy of it, except it's a white Zombie in addition to its other types with no mana cost. Embalm only as a sorcery.)
Whenever chaos ensues, you may discard a card. If you do, draw a card.",https://cards.scryfall.io/art_crop/front/7/f/7ff092bb-e284-4397-a584-6a046145424b.jpg?1783917267
Naya,Plane - Alara,"You may play any number of lands on each of your turns.
Whenever chaos ensues, target red, green, or white creature you control gets +1/+1 until end of turn for each land you control.",https://cards.scryfall.io/art_crop/front/1/5/15611e29-6f96-4c5c-a919-c8fe590581b0.jpg?1783936886
Nephalia,Plane - Innistrad,"At the beginning of your end step, mill seven cards. Then return a card at random from your graveyard to your hand.
Whenever chaos ensues, return target card from your graveyard to your hand.",https://cards.scryfall.io/art_crop/front/9/f/9f4b51ac-3e56-494f-aad7-ff5b0c3ed6ed.jpg?1783936892
New Argive,Plane - Dominaria,"Whenever a historic creature you control attacks, it gets +2/+2 until end of turn. (Artifacts, legendaries, and Sagas are historic.)
Whenever chaos ensues, reveal cards from the top of your library until you reveal a historic card. Put that card into your hand and the rest on the bottom of your library in a random order.",https://cards.scryfall.io/art_crop/front/e/2/e22ac94f-03a7-49ee-a059-fc123708962e.jpg?1783917267
New New York,Plane - New Earth,"At the beginning of combat on your turn, until end of turn, noncreature artifacts you control become 3/3 Vehicles in addition to their other types and gain flying, haste, and crew 1.
Whenever chaos ensues, create a Treasure token and a 2/2 white Alien creature token.",https://cards.scryfall.io/art_crop/front/5/1/5185dfce-d3ad-4509-b356-f6750d7c6a09.jpg?1783914452
Norn's Dominion,Plane - New Phyrexia,"When you planeswalk away from Norn's Dominion, destroy each nonland permanent without a fate counter on it, then remove all fate counters from all permanents.
Whenever chaos ensues, you may put a fate counter on target permanent.",https://cards.scryfall.io/art_crop/front/2/0/20d23638-74fb-481d-a3c4-d7f5fd666211.jpg?1783936877
Norn's Seedcore,Plane - New Phyrexia,"When you planeswalk to Norn's Seedcore, chaos ensues.
Whenever chaos ensues, reveal cards from the top of your planar deck until you reveal a plane card. Planeswalk to it, except don't planeswalk away from any plane. Put the rest of the revealed cards on the bottom of your planar deck in any order.",https://cards.scryfall.io/art_crop/front/1/a/1a4238ce-2a8f-404f-a893-9bb8b3f26835.jpg?1783917264
North Pole Research Base,Plane - Earth,"At the beginning of your upkeep, target opponent draws a card and creates a Treasure token.
Whenever chaos ensues, create a 2/2 white Alien creature token. When you do, tap target nontoken creature an opponent controls. Put a stun counter on it. (If a permanent with a stun counter would become untapped, remove one from it instead.)",https://cards.scryfall.io/art_crop/front/6/4/6489955c-1571-41dd-9419-5c071a8b3e30.jpg?1783914452
Nyx,Plane - Theros,"Nontoken creatures are enchantments in addition to their other types.
Constellation - Whenever an enchantment you control enters, you gain 1 life.
Whenever chaos ensues, choose a color. Add an amount of mana of that color equal to your devotion to that color.",https://cards.scryfall.io/art_crop/front/d/8/d8da872d-55e0-4596-ba8e-f9ff7b2c0a86.jpg?1783917264
Onakke Catacomb,Plane - Shandalar,"All creatures are black and have deathtouch.
Whenever chaos ensues, creatures you control get +1/+0 and gain first strike until end of turn.",https://cards.scryfall.io/art_crop/front/2/e/2eef332f-d47f-4bc3-b39d-572dce4997b2.jpg?1783936878
Ood Sphere,Plane - Horsehead Nebula,"Song of the Ood - Noncreature spells have convoke. (A player's creatures can help cast those spells. Each creature they tap while casting a noncreature spell pays for {1} or one mana of that creature's color.)
Red-Eye - Whenever chaos ensues, for each opponent, goad up to one target creature that opponent controls. Until your next turn, those creatures can't become tapped unless they're being declared as attackers.",https://cards.scryfall.io/art_crop/front/6/4/642c9e68-4d5f-4e7f-894b-56dec4081fc7.jpg?1783914452
Orochi Colony,Plane - Kamigawa,"Whenever a creature you control deals combat damage to a player, you may search your library for a basic land card, put it onto the battlefield tapped, then shuffle.
Whenever chaos ensues, target creature can't be blocked this turn.",https://cards.scryfall.io/art_crop/front/1/2/12655e0d-bb32-4aff-940a-fe14675629ca.jpg?1783917211
Orzhova,Plane - Ravnica,"When you planeswalk away from Orzhova, each player returns all creature cards from their graveyard to the battlefield.
Whenever chaos ensues, for each opponent, exile up to one target creature card from that player's graveyard.",https://cards.scryfall.io/art_crop/front/b/e/be92be0a-e10d-478b-bc09-9cd09bfb269e.jpg?1783936877
Otaria,Plane - Dominaria,"Instant and sorcery cards in graveyards have flashback. The flashback cost is equal to the card's mana cost. (Its owner may cast the card from their graveyard for its mana cost. Then they exile it.)
Whenever chaos ensues, take an extra turn after this one.",https://cards.scryfall.io/art_crop/front/3/5/35add85f-a70a-497d-9a11-593325a1a4ef.jpg?1783936879
Paliano,Plane - Fiora,"When one or more creatures you control deal combat damage to a player, if there is no monarch, you become the monarch.
Whenever chaos ensues, create a 1/1 black Assassin creature token with deathtouch and haste.",https://cards.scryfall.io/art_crop/front/f/e/fe509cef-83e5-48d9-a9ec-e187ab65b5e0.jpg?1783917263
Panopticon,Plane - Mirrodin,"When you planeswalk to Panopticon, draw a card.
At the beginning of your draw step, draw an additional card.
Whenever chaos ensues, draw a card.",https://cards.scryfall.io/art_crop/front/e/c/ecab1a2d-a47a-4572-a133-aca40384a908.jpg?1783917213
Pompeii,Plane - Earth,"When you planeswalk to Pompeii and at the beginning of your upkeep, put an eruption counter on it.
Whenever you roll a blank on the planar die, scry 2. Then put an eruption counter on Pompeii.
When chaos ensues, Pompeii deals damage to each creature and each player equal to the number of eruption counters on Pompeii. Each player sacrifices a land of their choice. Then planeswalk.",https://cards.scryfall.io/art_crop/front/a/5/a549ee7a-276b-45eb-a2c7-f74c85dc6a0d.jpg?1783914452
Pools of Becoming,Plane - Bolas's Meditation Realm,"At the beginning of your end step, put the cards in your hand on the bottom of your library in any order, then draw that many cards.
Whenever chaos ensues, reveal the top three cards of your planar deck. Each of the revealed cards' chaos abilities triggers. Then put the revealed cards on the bottom of your planar deck in any order.",https://cards.scryfall.io/art_crop/front/5/5/559007a6-c515-413a-8d3c-8ce1df0742ff.jpg?1783936876
Prahv,Plane - Ravnica,"If you cast a spell this turn, you can't attack with creatures.
If you attacked with creatures this turn, you can't cast spells.
Whenever chaos ensues, you gain life equal to the number of cards in your hand.",https://cards.scryfall.io/art_crop/front/8/6/86ff49dd-9845-459e-baaf-f65126ccb648.jpg?1783936873
Prime Minister's Cabinet Room,Plane - Earth,"At the beginning of combat on your turn, up to one target creature you control becomes a copy of target creature an opponent controls.
Will of the council - Whenever chaos ensues, starting with you, each player votes for a creature you don't control. Exile each creature with the most votes or tied for most votes.",https://cards.scryfall.io/art_crop/front/2/9/291478b8-a8f6-4449-8cd8-9d70484d3398.jpg?1783914452
Quicksilver Sea,Plane - Mirrodin,"When you planeswalk to Quicksilver Sea and at the beginning of your upkeep, scry 4. (Look at the top four cards of your library, then put any number of them on the bottom and the rest on top in any order.)
Whenever chaos ensues, reveal the top card of your library. You may play it without paying its mana cost.",https://cards.scryfall.io/art_crop/front/0/7/072c1a59-dbdc-469c-9743-e083e52b0b6d.jpg?1783936875
Raven's Run,Plane - Shadowmoor,"All creatures have wither. (They deal damage to creatures in the form of -1/-1 counters.)
Whenever chaos ensues, put a -1/-1 counter on target creature, two -1/-1 counters on another target creature, and three -1/-1 counters on a third target creature.",https://cards.scryfall.io/art_crop/front/d/e/de770524-9afc-4971-842a-6ee0b81176fb.jpg?1783936874
Riptide Island,Plane - Dominaria,"When you planeswalk to Riptide Island and at the beginning of your upkeep, create two 1/1 colorless Sliver creature tokens.
Whenever chaos ensues, Slivers you control gain haste and get +X/+X until end of turn, where X is the number of Slivers you control.",https://cards.scryfall.io/art_crop/front/6/1/618dbae8-7e3f-47ba-8f02-292047e86a05.jpg?1783917264
Sanctum of Serra,Plane - Serra's Realm,"When you planeswalk away from Sanctum of Serra, destroy all nonland permanents.
Whenever chaos ensues, you may have your life total become 20.",https://cards.scryfall.io/art_crop/front/4/c/4c20e1cd-c541-4b44-8e20-adaa45a989a2.jpg?1783936872
Sea of Sand,Plane - Rabiah,"Players reveal each card they draw.
Whenever a player draws a land card, that player gains 3 life.
Whenever a player draws a nonland card, that player loses 3 life.
Whenever chaos ensues, put target permanent on top of its owner's library.",https://cards.scryfall.io/art_crop/front/0/6/0693024b-7eed-4aa5-a890-66c947db6b73.jpg?1783936871
Selesnya Loft Gardens,Plane - Ravnica,"If an effect would create one or more tokens, it creates twice that many of those tokens instead.
If an effect would put one or more counters on a permanent, it puts twice that many of those counters on that permanent instead.
Whenever chaos ensues, until end of turn, whenever you tap a land for mana, add one mana of any type that land produced.",https://cards.scryfall.io/art_crop/front/e/a/ea1537e5-b1a8-4735-acd4-9df627a8946c.jpg?1783917208
Shiv,Plane - Dominaria,"All creatures have ""{R}: This creature gets +1/+0 until end of turn.""
Whenever chaos ensues, create a 5/5 red Dragon creature token with flying.",https://cards.scryfall.io/art_crop/front/8/c/8ce18193-76d6-4357-80e3-67ab453f47ac.jpg?1783936868
Singing Towers of Darillium,Plane - Darillium,"Each nonland card in your hand without foretell has foretell. Its foretell cost is equal to its mana cost reduced by {2}. (During your turn, you may pay {2} and exile it from your hand face down. Cast it on a later turn for its foretell cost.)
Whenever chaos ensues, you may cast a foretold card you own from exile without paying its mana cost this turn.",https://cards.scryfall.io/art_crop/front/b/3/b30f88bd-426a-48fb-a921-c7c5831120bd.jpg?1783914451
Skybreen,Plane - Kaldheim,"Players play with the top card of their libraries revealed.
Spells that share a card type with the top card of a library can't be cast.
Whenever chaos ensues, target player loses life equal to the number of cards in their hand.",https://cards.scryfall.io/art_crop/front/2/4/24ad1b98-17ef-4c58-a947-384ef39f1193.jpg?1783936868
Sokenzan,Plane - Kamigawa,"All creatures get +1/+1 and have haste.
Whenever chaos ensues, untap all creatures that attacked this turn. If it's a main phase, there is an additional combat phase after this phase, followed by an additional main phase.",https://cards.scryfall.io/art_crop/front/a/7/a70f7633-0851-4205-a736-3b11d4823f10.jpg?1783917210
Spectrox Mines,Plane - Androzani Minor,"When you planeswalk to Spectrox Mines and at the beginning of your upkeep, you lose 3 life and create a Treasure token.
Whenever chaos ensues, create a Food token and a 2/2 black Human Rogue creature token.",https://cards.scryfall.io/art_crop/front/8/4/84933e48-8b10-4ccf-a7e8-140fbb9c0c9b.jpg?1783914451
Stairs to Infinity,Plane - Xerex,"Players have no maximum hand size.
Whenever you roll the planar die, draw a card.
Whenever chaos ensues, reveal the top card of your planar deck. You may put it on the bottom of your planar deck.",https://cards.scryfall.io/art_crop/front/e/c/eceba6df-8821-499b-b3c2-4d54c6eab257.jpg?1783936864
Stensia,Plane - Innistrad,"Whenever a creature deals damage to one or more players for the first time each turn, put a +1/+1 counter on it.
Whenever chaos ensues, each creature you control gains ""{T}: This creature deals 1 damage to target player or planeswalker"" until end of turn.",https://cards.scryfall.io/art_crop/front/c/3/c31b0240-38c7-4f0b-a851-cbfdfee9d193.jpg?1783917208
Stormcage Containment Facility,Plane - Unknown Planet,"Each creature card in your graveyard has escape. The escape cost is equal to the card's mana cost plus exile three other cards from your graveyard. (You may cast cards from your graveyard for their escape cost.)
Whenever chaos ensues, detain target creature an opponent controls. (Until your next turn, that creature can't attack or block and its activated abilities can't be activated.)",https://cards.scryfall.io/art_crop/front/5/6/5665c85f-f564-47fe-a123-4e5a70e179d9.jpg?1783914451
Strixhaven,Plane - Arcavios,"Instant and sorcery spells players cast have demonstrate. (Whenever a player casts an instant or sorcery spell, they may copy it. If they do, they choose an opponent to also copy it. Players may choose new targets for their copies.)
Whenever chaos ensues, return up to one target instant or sorcery card from a graveyard to its owner's hand.",https://cards.scryfall.io/art_crop/front/6/a/6a8a8752-6849-4abc-9acb-bafffe685e94.jpg?1783917262
Stronghold Furnace,Plane - Rath,"If a source would deal damage to a permanent or player, it deals double that damage instead.
Whenever chaos ensues, Stronghold Furnace deals 1 damage to any target.",https://cards.scryfall.io/art_crop/front/0/f/0ff946f3-a536-4b35-b953-e66667314afa.jpg?1783917208
Takenuma,Plane - Kamigawa,"Whenever a creature leaves the battlefield, its controller draws a card.
Whenever chaos ensues, return target creature you control to its owner's hand.",https://cards.scryfall.io/art_crop/front/0/d/0dadba2e-1d9a-4f04-b9d5-a3edff017662.jpg?1783936861
Talon Gates,Plane - Dominaria,"Any time you could cast a sorcery, you may exile a nonland card from your hand with X time counters on it, where X is its mana value. If the exiled card doesn't have suspend, it gains suspend. (At the beginning of its owner's upkeep, they remove a time counter. When the last is removed, the player may cast it without paying its mana cost. If it's a creature, it has haste.)
Whenever chaos ensues, remove two time counters from each suspended card you own.",https://cards.scryfall.io/art_crop/front/0/9/09feed09-96de-4208-b6b9-cac0ec150e70.jpg?1783936858
TARDIS Bay,Plane - Gallifrey,"The first spell you cast during each of your turns with mana value 2 or greater has cascade. (When you cast that spell, exile cards from the top of your library until you exile a nonland card that costs less. You may cast it without paying its mana cost. Put the exiled cards on the bottom in a random order.)
When chaos ensues, gain control of target artifact. Then planeswalk.",https://cards.scryfall.io/art_crop/front/0/e/0e2d8456-6e3c-42ee-8bd4-215db5fbda98.jpg?1783914451
Tazeem,Plane - Zendikar,"Creatures can't block.
Whenever chaos ensues, draw a card for each land you control.",https://cards.scryfall.io/art_crop/front/1/8/18c94ada-d864-4e94-9d95-e796ab0d0cff.jpg?1783936858
Tember City,Plane - Kinshala,"Whenever a player taps a land for mana, Tember City deals 1 damage to that player.
Whenever chaos ensues, each other player sacrifices a nonland permanent of their choice.",https://cards.scryfall.io/art_crop/front/e/c/ec65904f-c0dd-45ab-a85a-af4a6a631e11.jpg?1783936862
Temple of Atropos,Plane - Time,"At the beginning of each of your postcombat main phases, there is an additional beginning phase after this phase. (The beginning phase includes the untap, upkeep, and draw steps.)
When chaos ensues, reverse the game's turn order. Then planeswalk. (For example, if play had proceeded clockwise around the table, it now goes counterclockwise.)",https://cards.scryfall.io/art_crop/front/7/5/75481e04-ab27-4fdd-b789-4a53ffc92430.jpg?1783914450
Ten Wizards Mountain,Plane - Shenmeng,"Whenever you roll the planar die, put a +1/+1 counter on up to one target creature.
Whenever chaos ensues, creatures you control gain flying until end of turn.",https://cards.scryfall.io/art_crop/front/d/2/d2603e7a-1b1b-4f71-81d9-7e84c766312d.jpg?1783917263
The Aether Flues,Plane - Iquatana,"When you planeswalk to The Aether Flues and at the beginning of your upkeep, you may sacrifice a creature. If you do, reveal cards from the top of your library until you reveal a creature card, put that card onto the battlefield, then shuffle all other cards revealed this way into your library.
Whenever chaos ensues, you may put a creature card from your hand onto the battlefield.",https://cards.scryfall.io/art_crop/front/a/2/a22dfe5f-82cc-4d99-b454-82157ffd6a59.jpg?1783917227
The Caldaia,Plane - Capenna,"Creature spells you cast from your hand have blitz {3}. (If you cast a spell for its blitz cost, it gains haste and ""When this creature dies, draw a card."" Sacrifice it at the beginning of the next end step.)
Whenever chaos ensues, return target creature card from your graveyard to your hand.",https://cards.scryfall.io/art_crop/front/d/e/de4c566d-85ef-49af-a5cb-bcfa4aaba245.jpg?1783917282
The Cave of Skulls,Plane - Earth,"Each creature card in your graveyard has scavenge. The scavenge cost is equal to its mana cost. (Exile a creature card from your graveyard and pay its mana cost: Put a number of +1/+1 counters equal to that card's power on target creature. Scavenge only as a sorcery.)
Whenever chaos ensues, create two 1/1 white Warrior creature tokens.",https://cards.scryfall.io/art_crop/front/7/4/74560139-0870-4184-887b-72d67c57b6ed.jpg?1783914483
The Cheetah Planet,Plane - Outside Mutter's Spiral,"When you planeswalk to The Cheetah Planet and at the beginning of your upkeep, put two +1/+1 counters on target non-Cat creature you control. It becomes a Cat in addition to its other types.
Whenever chaos ensues, all Cats gain provoke until end of turn. (Whenever a Cat attacks, its controller may have target creature defending player controls untap and block it if able.)",https://cards.scryfall.io/art_crop/front/4/b/4b6bd680-18c6-46d9-b747-825fb0fee6dd.jpg?1783914475
The Dark Barony,Plane - Ulgrotha,"Whenever a nonblack card is put into a player's graveyard from anywhere, that player loses 1 life.
Whenever chaos ensues, each opponent discards a card.",https://cards.scryfall.io/art_crop/front/0/b/0b8a0cad-92df-45a1-a3cc-561be2f06778.jpg?1783936913
The Dining Car,Plane - Spacecraft,"When you planeswalk to The Dining Car, each player creates a Food token.
Sixty-Six Seconds - At the beginning of your upkeep, sacrifice a creature with the least toughness among creatures you control. Then investigate.
Whenever chaos ensues, activated abilities of artifact tokens you control cost {2} less to activate this turn.",https://cards.scryfall.io/art_crop/front/b/f/bf6193ea-4906-4097-8e30-431220f9e35c.jpg?1783914470
The Doctor's Childhood Barn,Plane - Gallifrey,"Creatures enter tapped.
Whenever chaos ensues, for each opponent, choose up to one target nonland permanent that opponent controls. Untap those permanents. They phase out. They can't phase in for as long as The Doctor's Childhood Barn remains face up. When a player planeswalks, those permanents phase in.",https://cards.scryfall.io/art_crop/front/f/4/f4c583ab-ad15-436b-9151-8b4d212cbeda.jpg?1783914469
The Doctor's Tomb,Plane - Trenzalore,"If a creature would die, instead exile it and that creature's controller loses 2 life.
Whenever chaos ensues, redistribute any number of players' life totals. (Each of those players gets one life total back.)",https://cards.scryfall.io/art_crop/front/2/4/2456bb33-6380-4b4d-bf23-7b071fc22be2.jpg?1783914470
"The Drum, Mining Facility",Plane - Earth,"Whenever you roll the planar die, creatures you control get +1/+1 and gain haste until end of turn.
Whenever chaos ensues, end the turn. (Exile all spells and abilities from the stack. The player whose turn it is discards down to their maximum hand size. Damage wears off, and ""this turn"" and ""until end of turn"" effects end.)",https://cards.scryfall.io/art_crop/front/9/f/9fdb7dca-017a-49a7-b8de-4a8ccf7ac679.jpg?1783914468
The Eon Fog,Plane - Equilor,"Players skip their untap steps.
Whenever chaos ensues, untap all permanents you control.",https://cards.scryfall.io/art_crop/front/5/0/501268b6-878b-4725-be1f-a64c90f79b87.jpg?1783936912
The Fertile Lands of Saulvinia,Plane - Antausia,"Whenever a player taps a land for mana, that player adds one mana of any type that land produced.
Whenever chaos ensues, reveal cards from the top of your planar deck until you reveal a plane card. Chaos ensues on that plane. Then put all cards revealed this way on the bottom of your planar deck in any order.",https://cards.scryfall.io/art_crop/front/f/e/fe2e52fb-4633-46c1-a48a-cde89d709e07.jpg?1783917279
The Fourth Sphere,Plane - Phyrexia,"At the beginning of your upkeep, sacrifice a nonblack creature.
Whenever chaos ensues, create a 2/2 black Zombie creature token.",https://cards.scryfall.io/art_crop/front/d/e/decef464-d1d3-4459-a1c4-fbad684d5d02.jpg?1783936911
The Golden City of Orazca,Plane - Ixalan,"Ascend (If you control ten or more permanents, you get the city's blessing for the rest of the game.)
Whenever one or more creatures you control deal combat damage to a player, create a Treasure token. Then draw a card if you have the city's blessing.
Whenever chaos ensues, you may put a permanent card from your hand onto the battlefield tapped.",https://cards.scryfall.io/art_crop/front/0/3/03a2c40d-6adb-4ad7-ba8e-3954d33f0e09.jpg?1783917282
The Great Aerie,Plane - Tarkir,"When you planeswalk to The Great Aerie and at the beginning of your upkeep, bolster 3. (Choose a creature with the least toughness among creatures you control and put three +1/+1 counters on it.)
Whenever chaos ensues, choose up to one target creature you control and up to one target creature an opponent controls. Each of those creatures deals damage equal to its toughness to the other.",https://cards.scryfall.io/art_crop/front/4/a/4afe8c95-efeb-4f7d-834d-fa5b095c9a06.jpg?1783917281
The Great Forest,Plane - Lorwyn,"Each creature assigns combat damage equal to its toughness rather than its power.
Whenever chaos ensues, creatures you control get +0/+2 and gain trample until end of turn.",https://cards.scryfall.io/art_crop/front/0/4/04075c37-1c1c-439c-9c54-770185fc0af1.jpg?1783917225
The Hippodrome,Plane - Segovia,"All creatures get -5/-0.
Whenever chaos ensues, you may destroy target creature if its power is 0 or less.",https://cards.scryfall.io/art_crop/front/4/b/4ba7ce8f-e11d-4e06-8cb6-668de2a43a4e.jpg?1783936907
The Lux Foundation Library,Plane - The Library,"Players have no maximum hand size.
Whenever a creature you control deals combat damage to a player, you may draw a card.
Whenever chaos ensues, put a shadow counter on target creature. (A creature with shadow can block or be blocked by only creatures with shadow.)",https://cards.scryfall.io/art_crop/front/c/3/c3cd9db0-b417-42e8-b3be-00fdc9330014.jpg?1783914467
The Maelstrom,Plane - Alara,"When you planeswalk to The Maelstrom and at the beginning of your upkeep, you may reveal the top card of your library. If a permanent card is revealed this way, you may put it onto the battlefield. If you revealed a card but didn't put it onto the battlefield, put it on the bottom of your library.
Whenever chaos ensues, return target permanent card from your graveyard to the battlefield.",https://cards.scryfall.io/art_crop/front/6/2/6223caca-e993-4834-a673-3eee65b8afe1.jpg?1783936888
The Matrix of Time,Plane - Gallifrey,"When you planeswalk to The Matrix of Time, each player exiles the top card of their library.
During your turn, you may play lands and cast spells from among cards exiled with The Matrix of Time.
Whenever you play a land or cast a spell from among cards exiled with The Matrix of Time, that card's owner loses 3 life and exiles the top card of their library.
Whenever chaos ensues, create two Treasure tokens.",https://cards.scryfall.io/art_crop/front/c/3/c343b9dd-edce-46ee-bdd6-f240cf061d59.jpg?1783914466
The Moonbase,Plane - Moon,"Low Gravity - All creatures have ""{2}: This creature gains flying until end of turn. Activate only as a sorcery.""
Whenever chaos ensues, for each opponent, choose up to one target creature card in that player's graveyard. Put those cards onto the battlefield face down under your control. They're 2/2 Cyberman artifact creatures.",https://cards.scryfall.io/art_crop/front/b/7/b715df92-e504-4844-9d74-6f4965fd32ee.jpg?1783914454
The Pit,Plane - The Abyss,"When you planeswalk to The Pit, each player creates their choice of a 3/3 white Angel creature token with flying or a 6/6 black Demon creature token with flying, trample, and ""At the beginning of your upkeep, sacrifice another creature. If you can't, this token deals 6 damage to you.""
Whenever chaos ensues, each player sacrifices a nonartifact creature of their choice.",https://cards.scryfall.io/art_crop/front/f/d/fd571dc7-b0b0-49a2-938a-d4336efe5e76.jpg?1783917264
The Pyramid of Mars,Plane - Mars,"When you planeswalk to The Pyramid of Mars and at the beginning of your upkeep, surveil 2. (Look at the top two cards of your library, then put any number of them into your graveyard and the rest on top of your library in any order.)
Whenever chaos ensues, return target creature card from your graveyard to the battlefield.",https://cards.scryfall.io/art_crop/front/8/a/8aec22c6-4986-45aa-9b6b-8517bbbaed4e.jpg?1783914451
The Western Cloud,Plane - Gobakhan,"Prevent all damage that would be dealt to creatures and planeswalkers you control.
Whenever chaos ensues, create three tapped Treasure tokens. They each deal 1 damage to each creature and each planeswalker.",https://cards.scryfall.io/art_crop/front/4/a/4a0e558d-cfd7-4ecf-b951-50016e8cc569.jpg?1783917263
The Wilds,Plane - Eldraine,"When you planeswalk to The Wilds and at the beginning of your upkeep, create a Food token.
Whenever chaos ensues, target player sacrifices a creature of their choice. If they do, you create a Food token. You create two Food tokens instead if the sacrificed creature's toughness was 4 or greater.",https://cards.scryfall.io/art_crop/front/1/f/1fccd76c-cce9-4ae3-84c1-000e54ca4734.jpg?1783917261
The Zephyr Maze,Plane - Kyneth,"Creatures with flying get +2/+0.
Creatures without flying get -2/-0.
Whenever chaos ensues, target creature gains flying until end of turn.",https://cards.scryfall.io/art_crop/front/4/c/4c9dc306-92e9-46e1-a67c-d4f2a65ce339.jpg?1783936863
Towashi,Plane - Kamigawa,"Modified creatures you control have trample and ""Whenever this creature deals combat damage to a player or planeswalker, draw a card."" (Equipment, Auras you control, and counters are modifications.)
Whenever chaos ensues, distribute three +1/+1 counters among one, two, or three target creatures you control.",https://cards.scryfall.io/art_crop/front/6/d/6d37cf73-e128-4367-b030-313d987fda7a.jpg?1783917264
Trail of the Mage-Rings,Plane - Vryn,"Instant and sorcery spells have rebound. (The spell's controller exiles the spell as it resolves if they cast it from their hand. At the beginning of that player's next upkeep, they may cast that card from exile without paying its mana cost.)
Whenever chaos ensues, you may search your library for an instant or sorcery card, reveal it, put it into your hand, then shuffle.",https://cards.scryfall.io/art_crop/front/f/5/f5f307bf-80ac-46cb-9003-3e70a0703e71.jpg?1783936858
Truga Jungle,Plane - Ergamon,"All lands have ""{T}: Add one mana of any color.""
Whenever chaos ensues, reveal the top three cards of your library. Put all land cards revealed this way into your hand and the rest on the bottom of your library in any order.",https://cards.scryfall.io/art_crop/front/b/d/bd6aa726-9979-42a5-a9ad-5c3f40b599ae.jpg?1783917207
Turri Island,Plane - Ir,"Creature spells cost {2} less to cast.
Whenever chaos ensues, reveal the top three cards of your library. Put all creature cards revealed this way into your hand and the rest into your graveyard.",https://cards.scryfall.io/art_crop/front/7/0/70d12cff-ba93-4673-832c-f9261c1501cd.jpg?1783917207
Two Streams Facility,Plane - Apalapucia,"Whenever you planeswalk to Two Streams Facility and at the beginning of the first upkeep of the game, each player chooses green anchor or red waterfall.
Each player who last chose green anchor may play an additional land during each of their turns.
Creatures controlled by players who last chose red waterfall get +2/+0 and have haste.
Whenever chaos ensues, each player who last chose green anchor chooses red waterfall, and vice versa.",https://cards.scryfall.io/art_crop/front/4/0/40732207-291c-4cea-be87-dd4dbb8b6259.jpg?1783914449
Undercity Reaches,Plane - Ravnica,"Whenever a creature deals combat damage to a player, its controller may draw a card.
Whenever chaos ensues, you have no maximum hand size for the rest of the game.",https://cards.scryfall.io/art_crop/front/8/7/87a6b20d-93f8-4af4-936c-11606e9efd87.jpg?1783917208
UNIT Headquarters,Plane - Earth,"When you planeswalk to UNIT Headquarters and at the beginning of your upkeep, create a tapped 1/1 white Soldier creature token.
Whenever chaos ensues, put a +1/+1 counter on each creature you control.",https://cards.scryfall.io/art_crop/front/9/f/9f7ec46f-1499-4c75-8568-d9266a3d1e69.jpg?1783914447
Unyaro,Plane - Zhalfir,"At the beginning of your end step, if you planeswalked to Unyaro this turn, untap all creatures. They phase out until a player planeswalks. (Treat them and anything attached to them as though they didn't exist.)
Whenever chaos ensues, create two 2/2 white and blue Knight creature tokens with vigilance.",https://cards.scryfall.io/art_crop/front/6/e/6ef8454d-1aac-4907-91cf-535ea679042c.jpg?1783917264
Valor's Reach,Plane - Kylem,"Whenever your team attacks with exactly two creatures, those creatures gain double strike until end of turn.
Whenever chaos ensues, untap up to two target creatures your team controls. If it's a main phase, there is an additional combat phase after this phase, followed by an additional main phase.",https://cards.scryfall.io/art_crop/front/4/5/450ed99e-7fb6-45d3-b043-27ff58fe8dbb.jpg?1783917263
Velis Vel,Plane - Lorwyn,"Each creature gets +1/+1 for each other creature on the battlefield that shares at least one creature type with it. (For example, if two Elemental Shamans and an Elemental Spirit are on the battlefield, each gets +2/+2.)
Whenever chaos ensues, target creature gains all creature types until end of turn.",https://cards.scryfall.io/art_crop/front/6/2/621a8224-7ea2-4ca4-be74-e460d05ad12b.jpg?1783936855
Windriddle Palaces,Plane - Belenon,"Players play with the top card of their libraries revealed.
You may play lands and cast spells from the top of any player's library.
Whenever chaos ensues, each player mills a card.",https://cards.scryfall.io/art_crop/front/2/7/27f3c16a-34f9-497d-835c-5942e395ded8.jpg?1783936865
